responseA_prompt1,clarity_A1,completeness_A1,helpfulness_A1,overall_A1,responseB_prompt1,clarity_B1,completeness_B1,helpfulness_B1,overall_B1,responseA_prompt2,clarity_A2,completeness_A2,helpfulness_A2,overall_A2,responseB_prompt2,clarity_B2,completeness_B2,helpfulness_B2,overall_B2,survey_version,timestamp
1,3,3.0,2,2,2,2,5,5,5,2,3,2,4,3,2,2,2,5,5,V1_P1AB_P2AB,5/1/2026 11:41:36
4,2,4.0,2,4,4,4,5,4,4,4,5,5,4,5,3,4,3,3,3,V1_P1AB_P2AB,5/5/2026 15:18:49
5,4,4.0,4,4,5,4,5,5,5,4,4,3,4,3,4,5,4,4,4,V1_P1AB_P2AB,5/5/2026 17:24:08
5,4,,4,3,5,5,5,4,4,4,4,3,4,4,5,4,5,5,5,V1_P1AB_P2AB,5/5/2026 19:12:22
4,1,5.0,2,1,3,4,4,3,4,4,3,4,4,3,5,4,5,4,4,V2_P1BA_P2AB,5/6/2026 14:55:35
5,5,5.0,5,5,5,4,4,4,4,5,5,5,4,5,5,5,4,4,5,V2_P1BA_P2AB,5/7/2026 9:02:13
4,5,5.0,5,4,4,4,3,3,3,4,5,4,4,4,3,3,3,4,3,V2_P1BA_P2AB,5/7/2026 19:15:36
4,4,4.0,4,4,4,2,2,2,1,4,3,3,3,3,3,3,3,3,3,V2_P1BA_P2AB,5/7/2026 19:38:45
4,4,4.0,4,4,5,5,5,5,5,4,4,5,5,5,4,4,4,4,4,V3_P1AB_P2BA,5/5/2026 18:32:27
5,4,4.0,5,5,1,3,1,3,4,5,4,1,4,4,1,5,5,5,5,V3_P1AB_P2BA,5/6/2026 9:48:07
4,4,4.0,4,4,5,5,5,5,5,4,5,5,5,5,5,4,4,4,4,V3_P1AB_P2BA,5/6/2026 11:14:25
4,4,3.0,3,4,5,4,5,4,5,4,3,3,4,3,4,4,4,4,4,V3_P1AB_P2BA,5/6/2026 11:29:14
5,3,3.0,5,5,5,5,5,5,5,4,4,4,5,4,5,3,3,4,3,V3_P1AB_P2BA,5/6/2026 16:15:26
4,3,3.0,3,3,3,4,3,4,4,4,3,3,3,3,3,4,3,4,4,V4_P1BA_P2BA,5/5/2026 12:55:16
3,4,5.0,4,4,4,3,2,3,3,4,5,5,4,4,5,4,5,5,4,V4_P1BA_P2BA,5/5/2026 12:56:15
4,2,4.0,3,3,4,5,4,4,4,3,2,3,2,3,3,4,3,3,3,V4_P1BA_P2BA,5/5/2026 14:41:04
3,4,4.0,4,5,4,4,3,4,4,3,3,4,5,5,4,3,4,4,4,V4_P1BA_P2BA,5/5/2026 18:04:39
3,5,4.0,3,3,4,3,2,3,3,3,3,4,4,4,4,3,2,3,3,V4_P1BA_P2BA,5/5/2026 20:33:08
3,4,4.0,5,4,4,3,2,2,3,5,4,3,3,4,4,5,5,5,5,V4_P1BA_P2BA,5/7/2026 7:10:19
